[
  {
    "id": 1489022303,
    "username": "@Jibarit0",
    "date": "02/04/2024"
  },
  {
    "id": 6095195048,
    "username": "@SANFAP",
    "date": "15/04/2024"
  },
  {
    "id": 5104000515,
    "username": "Alexis",
    "date": "21/04/2024"
  },
  {
    "id": 5232036314,
    "username": "@Bh283941",
    "date": "24/04/2024"
  },
  {
    "id": 1176136155,
    "username": "@Yonel7",
    "date": "10/04/2024"
  },
  {
    "id": 5614307498,
    "username": "@Owully",
    "date": "18/04/2024"
  },
  {
    "id": 1679511855,
    "username": "Pipilin",
    "date": "17/04/2024"
  },
  {
    "id": 5969427351,
    "username": "Luis",
    "date": "04/04/2024"
  },
  {
    "id": 6136412154,
    "username": "Kathy",
    "date": "11/04/2024"
  },
  {
    "id": 6287646592,
    "username": "Sonrie",
    "date": "08/04/2024"
  },
  {
    "id": 6973889969,
    "username": "M",
    "date": "16/04/2024"
  },
  {
    "id": 6924188978,
    "username": "Jsjsjjs",
    "date": "09/04/2024"
  },
  {
    "id": 5960575882,
    "username": "@ChristianG10",
    "date": "17/04/2024"
  },
  {
    "id": 5961208761,
    "username": "xxx",
    "date": "22/04/2024"
  },
  {
    "id": 1507218762,
    "username": "@SL4UGHTER",
    "date": "03/04/2024"
  },
  {
    "id": 1900820399,
    "username": "Eric",
    "date": "11/04/2024"
  },
  {
    "id": 1693279911,
    "username": "@hllrs271",
    "date": "10/04/2024"
  },
  {
    "id": 6196125966,
    "username": "Thalii",
    "date": "14/04/2024"
  },
  {
    "id": 1501809138,
    "username": "@vicoaqp",
    "date": "24/04/2024"
  },
  {
    "id": 6188359745,
    "username": "Ramírez",
    "date": "23/04/2024"
  },
  {
    "id": 5105369142,
    "username": "Antonio",
    "date": "07/04/2024"
  },
  {
    "id": 6369861478,
    "username": "f",
    "date": "05/04/2024"
  },
  {
    "id": 6167945613,
    "username": "@Mauchichi",
    "date": "02/04/2024"
  },
  {
    "id": 2046225080,
    "username": "@Tujde",
    "date": "14/04/2024"
  },
  {
    "id": 6587062906,
    "username": "@Creynoso1",
    "date": "03/04/2024"
  },
  {
    "id": 1770207417,
    "username": "Anton",
    "date": "12/04/2024"
  },
  {
    "id": 7054685770,
    "username": "@AzumiGM",
    "date": "17/04/2024"
  },
  {
    "id": 5948540855,
    "username": "@Zarek_Abdiel",
    "date": "14/04/2024"
  },
  {
    "id": 5667121204,
    "username": "Mau",
    "date": "24/04/2024"
  },
  {
    "id": 5225942792,
    "username": "@AegonSeries",
    "date": "11/04/2024"
  },
  {
    "id": 5979307591,
    "username": "Yuri",
    "date": "18/04/2024"
  },
  {
    "id": 6579981316,
    "username": "@piurarlz",
    "date": "10/04/2024"
  },
  {
    "id": 1476607294,
    "username": "@brunoparker",
    "date": "15/04/2024"
  },
  {
    "id": 2008103936,
    "username": "@ElArtzz",
    "date": "09/04/2024"
  },
  {
    "id": 7172942415,
    "username": "Chirras",
    "date": "23/04/2024"
  },
  {
    "id": 1204447006,
    "username": "@Steven_King7",
    "date": "02/04/2024"
  },
  {
    "id": 6669180267,
    "username": "EdiYo",
    "date": "11/04/2024"
  },
  {
    "id": 1265774469,
    "username": "@FlavioFDF",
    "date": "02/04/2024"
  },
  {
    "id": 6677351801,
    "username": "@Renathoov",
    "date": "03/04/2024"
  },
  {
    "id": 5975322839,
    "username": "@JUAN_CAROS_CA",
    "date": "10/04/2024"
  },
  {
    "id": 5654034489,
    "username": "Bephanten",
    "date": "26/04/2024"
  },
  {
    "id": 1729465503,
    "username": "@Drako1986",
    "date": "05/04/2024"
  },
  {
    "id": 1172464766,
    "username": "@rcc111",
    "date": "26/04/2024"
  },
  {
    "id": 1303660702,
    "username": "@Shen726",
    "date": "04/04/2024"
  },
  {
    "id": 5291090641,
    "username": "@Chupetedefresa",
    "date": "06/04/2024"
  },
  {
    "id": 1420334771,
    "username": "@Corco2000",
    "date": "05/04/2024"
  },
  {
    "id": 1484341855,
    "username": "@LoCuaZFeveR",
    "date": "15/04/2024"
  },
  {
    "id": 6610636470,
    "username": ".",
    "date": "20/04/2024"
  },
  {
    "id": 2018942411,
    "username": "@DonDnnSC",
    "date": "31/03/2024"
  },
  {
    "id": 61892922,
    "username": "Andrés",
    "date": "29/04/2024"
  }
]